721732328452726788	1460909370898	2	0	RT @infoanimalchile: Recuerda: no sólo los humanos sufren con las emergencias. Comparte tu techo o adopta. Por favor, RT #lluviasantiago ht…
721732443196108800	1460909398255	2	0	@RadioDuna @FRodriguezG  y la supervusion d obras donde estuvo? Cree q se hubiese solucionado del jueves a la fecha? Que popular es @Orrego
721732631214321664	1460909443082	2	0	@latercera @Orrego y quien es Orrego para pedir cabezas ??? Si es un pobre weon, te queda poco junto a tu nefasto Gobierno, weon inepto
721734346709856256	1460909852088	1	0	RT @alb0black: Paso bajo nivel inundado en Santiago, invierno de 1990.#lluviasantiago https://t.co/WxZy4Pohjr
721734524875456512	1460909894566	2	0	RT @sebastian_gray: Cuánta bajeza en este torpe comentario: https://t.co/4xGdqI81Za
721734615191457792	1460909916099	1	0	Suspendida las clases en colegios sin agua. ¿Apoderados deben llamar al colegio para saber si hay o no agua potable? Absurdo. @SoledadOnetto
721734694954512385	1460909935116	2	0	La gente preocupada porque se cortó el agua en Santiago y ThePirateBay lleva cortado más de 24 horas #PrioridadesClaras
721735165869957121	1460910047391	2	0	Desde Temuco viendo la TV #lluviasantiago https://t.co/yh21Iwo4wM
721735221759094785	1460910060716	2	0	#LluviaSantiago Ni imaginar como será el Lunes https://t.co/Pv4pSiRQGu
721735388402987013	1460910100447	2	0	RT @brockmanews: Señores, fue un placer haber Twitteado con ustedes... #lluviasantiago https://t.co/MGB6wdFk5V
721735565704605698	1460910142719	2	0	RT @MauroMura11: Hoy en nuestra sección: Tragué agua del Mapocho https://t.co/5FoUtiyKQ9
721735597568749568	1460910150316	2	0	RT @NeferMily: La voz de alarma de los periodistas y conductores de tv es im-pre-sio-nan-te #FinDelMundo porque el costanera estará cerrado…
721735643139870720	1460910161181	1	0	RT @Profedocente: Por favor  mas seriedad en noticias; ¡¡ El río Mapocho no se desbordó!! el río fue intervenido por privados q desviaron s…
721735901622050816	1460910222808	1	0	RT @mjossandon: Anuncian suspensión de clases en provincia de Santiago y comunas de San Bernardo, Pte. Alto y San.José de Maipo
721735967544066049	1460910238525	2	0	............COMO CHUCHA VOTAN POR VOH!! https://t.co/tcFFoBjHB1
721736097341038592	1460910269471	1	0	chuuu, en verdad si esto es cierto no me extrañaría en lo absoluto https://t.co/VXwN4i4yij
721736356930707457	1460910331362	1	0	Ahora entrevistan a Paulmann...preocúpense de las personas en situación vulnerable. Y hablan de #CostanerCenter y #Jumbos...Alooo???
721736525457674240	1460910371542	1	0	RT @PiensaPrensa: AGUAS ANDINA, MIENTE !!  Luksic y AES Gener, Responsables del corte de Agua por explotación del rio Maipo. https://t.co/4…
721736565903474688	1460910381185	2	0	RT @gato_aqueveque: Si estas mojada por la lluvia... Te puedo acoger... Tu diputado @gustavohasbun... https://t.co/FKJrKPUeEh
721736613047492612	1460910392425	1	0	4 camiones de bomberos para horst paulmann? Para sacar el agua del costanera center? Escuché bien?
721736620731305984	1460910394257	2	0	cuando dicen agua turbia  me imagino a la UDI, RN, Nueva Mayoria con tanta boleta trucha
721736797831737344	1460910436481	2	0	RT @alb0black: Ayuda para Horst Paulmann, está en situación de vulnerabilidad..#lluviasantiago
721737205287362561	1460910533626	2	0	RT @Televisivamente: Paulmann, firme junto al pueblo (?) #T13
721737387383119872	1460910577041	3	0	Rico dulce de leche latte de Starbucks ☕☕para un si de lluvia ������������☔������������#psicomono #ojitosgrandes… https://t.co/iyOTB2pnZA
721737533894299648	1460910611972	1	0	@Opinion_Chile @omarveracastro @esval_chile @reddeemergencia bien, pero informe a los sectores sin agua es por rotura de matriz, no por fren
721737650588270593	1460910639794	3	0	RT @_COCH_OFICIAL: CONFIRMADO!! YA ES OFICIAL! TOMAS GONZÁLEZ CLASIFICA A RIO 2016. YA SON 30 LOS CLASIFICADOS DE TEAM CHILE A JJOO RT! htt…
721737764971102208	1460910667065	1	0	RT @Muni_provi: Informamos suspensión de clases en Providencia para este lunes. #lluviasantiago
721738081263595520	1460910742475	2	0	RT @pelaorodrigorc: Costanera center cerrado, pobre Horts Paulmann con que chucha va a parar la olla ...������
721738164084281345	1460910762221	1	0	RT @BerniiiCN: Avisan el desborde de la Quebrada Lo Cañas #lluviasantiago #LaFlorida @rvfradiopopular https://t.co/XdbtNMNpiu
721738243046313984	1460910781047	1	0	RT @Orrego: Acá encuentran los 198 puntos de abastecimiento de agua potable en municipios afectados por corte https://t.co/lMTX7Gub1x
721738315070894081	1460910798219	2	0	RT @ElTioPini: Mamá, voy a comprar pan #lluviasantiago https://t.co/vfbDO6LXKS
721738337518817281	1460910803571	2	0	RT @hernan_sr: azi hestaria mi precidente piñera no como la vachele.#lluviasantiago https://t.co/cfe6O4JBPR
721738355973689344	1460910807971	2	0	RT @crisepulvedav: Listo mi emprendimiento #LluviaSantiago #Uber #NoAltoMaipo https://t.co/BwIuxWW8WR
721738397501546497	1460910817872	1	0	RT @RevistaCosas: Temporal  deja a 35 comunas sin agua y autoridades ya cancelaron las clases de mañana! #lluviasantiago https://t.co/RkFrZ…
721738409060999168	1460910820628	2	0	RT @Televisivamente: DATAZO: El periodista que vio “Emocionalmente afectado” a Paulmann es el mismo que estaba con el agua hasta la cintura…
721738661851738112	1460910880898	2	0	Exijo que @INACAPINOS sobre si mañana hay o no clases… a fin de cuentas el pronóstico marca lluvia hasta mañana en la noche…
721738687365689344	1460910886981	2	0	RT @Naza93609: Me tiene bastante podrida la lluvia
721738722929090560	1460910895460	2	0	RT @JaviUrquizar: Esta pasando Horst Paulmann habla : " No vengan a Costanera Center, está cerrado, pero Alto Las Condes y Jumbo estará abi…
721738776456871936	1460910908222	2	0	RT @LaTiaEvelyn: La #lluviasantiago es el clamor del cielo por todos esos angelitos que serán exterminados por culpa de la despenalización…
721739243593162752	1460911019596	1	0	RT @AnimalParaiso: Carabinero rescató perrito de aguas por desborde del Mapocho en #Provincia. https://t.co/NIMmc86d6A #lluviasantiago http…
721739867194056705	1460911168274	2	0	RT @gransopi: ¿Y sus trabajadores de Costanera Center,  Horst Paulmann?¿Se pueden ir a sus hogares?No los nombró https://t.co/6MfuNWJv6i
721739886118756352	1460911172786	2	0	RT @eugeforestal: Cuando Aguas Cordillera ha coimeado generosamente a los políticos, obviamente los periodistas suman a la corrupción  http…
721740142583615488	1460911233932	1	0	RT @infoanimalchile: Carabineros rescató a perro que estaba aislado por el agua. Recuerda compartir tu techo o adoptar. #lluviasantiago htt…
721740392367001601	1460911293485	2	0	Nunca mejor dicho! https://t.co/2YA4YRcIas
721740400755679236	1460911295485	2	0	20 años justificando con "el clima" que Santiago se inunda cada vez que llueve? La poca regulación/fiscalización de obras nos tiene anegados
721740706520371200	1460911368385	2	0	RT @skaner12: Se llama karma, Jajajaja https://t.co/7Akd9rsGzR
721740734685122561	1460911375100	2	0	Toneladas de hormigón y fierros sucumbir ante la fuerza del agua. Hermoso. #LluviaSantiago #PaísDesigual
721740909184847874	1460911416704	2	0	RT @Joseeephh: Nuevo punto turístico en #Santiago: "Las cataratas del Mapocho" ������ #lluviasantiago https://t.co/uxAfN3AuT8
721741111950184448	1460911465047	1	0	RT @InternetExplo__: Todo normal por acá #providencia#lluviasantiago https://t.co/ifWXWoN0sw
721741304267456513	1460911510899	2	0	Muchas gracias! Esta es la gente que hace falta... #lluviasantiago https://t.co/RhJi6jqrQe
721741413956853760	1460911537051	1	0	Gran cándidad de locales comerciales afectados e inundados en #Providencia #Santiago
721741437491101696	1460911542662	3	0	RT @puertosantonio: (Archivo) Así se descargaban los autobuses en los puertos de Chile en los años 70' https://t.co/SPYqmPGYdK
721741736087785478	1460911613853	2	0	Que alguien me explique como @map8pedaleable es problema, pero este nudo vial (con pilares en el río!) no. https://t.co/tYJj6W3jNT
721742369872289793	1460911764959	2	0	SANTIAGO triste realidad y NINGUN CANAL LO VA DECIR Un Chile a medias Todo esto una gran parte es TRABAJOS MAL HECHOS, Y MEDIOCRES
721742428676493312	1460911778979	2	0	RT @isabelsanpedro: @lamesadelcafe Paulmann construyo ese edificio con prestamo de platas AFP de todos los chilenos con un interes de broma…
721742620171583489	1460911824635	1	0	RT @ChilenoDecision: #lluviasantiago Santiago no es Chile!!!!!! Favor difundir!!!!! ahora en la sexta región https://t.co/xY835t5zl2
721742903278702592	1460911892133	2	0	RT @fonoguau: @Iaterceras @Carlitos_theOne y no entiendo para qué hay que meterse al agua  para dar la noticia? Mejor se pone de rodillas e…
721743534961926144	1460912042738	3	0	Uno que parece que tiene “el agua cortada”.... https://t.co/yiapJ4CotJ
721743708857745408	1460912084198	2	0	Ya cabros! Es ahora o nunca...! ������������������ Uber es la luz ������������������������ @ Santiago,… https://t.co/v4QtAWEfgC
721743765984006145	1460912097818	2	0	RT @MauroMura11: Hoy en nuestra sección: Tragué agua del Mapocho https://t.co/5FoUtiyKQ9
721743824356290560	1460912111735	3	0	Tu no watch the tele acaso? O tu lack  de neuronas no captó?  https://t.co/Vi1im3ytIi
721743982208921600	1460912149370	2	0	RT @NoAltoMaipo: Esperamos que se tome conciencia y se proteja el río Maipo que le da vida a #Santiago https://t.co/7ajqzr5ySK #ProtegeElCa…
721744767177080835	1460912336521	1	0	RT @PlazaItaliaStgo: El cagazo es grande, muy grande. El mapocho no se desbordo.
721744779621593088	1460912339488	3	0	@Presidencia_Ec @JorgeGlas Desde Chile nuestras sinceras condolencias, que tristeza más grande lo sucedido en Ecuador, Fuerzas y Adelante...
721744781936828416	1460912340040	2	0	¿Alguien sabe su estará habilitada la ciclovía del Mapocho?
721744783266418690	1460912340357	1	0	RT canal_chile: Gobierno acusa a empresas Sacyr y Costanera por desborde de río Mapocho https://t.co/0DmlVZJxTx … https://t.co/6a8tc9HqV4)
721745406636503040	1460912488980	1	0	RT @hora20lared: #AHORAAutoridades les encanta sobrevolar para no enfrentar a la ciudadanía. #lluviasantiago https://t.co/fkpHSWUshc
721745894274678784	1460912605242	2	0	RT @BanCarabineros: Mientras tanto en La Moneda... #lluviasantiago https://t.co/dVEbLWHsKd
721745909340577792	1460912608834	2	0	Mi hermano, mis viejos y mi pareja fuera de Santiago... Por suerte tengo amigos si no... Me habría llegado el agua hasta el cuello.
721746577010921473	1460912768019	2	0	RT @hora20lared: #AHORAAutoridades les encanta sobrevolar para no enfrentar a la ciudadanía. #lluviasantiago https://t.co/fkpHSWUshc
721746691519553545	1460912795320	1	0	RT @Quilpue: Para Quilpué NO hay corte de suministro ni corte programados.  https://t.co/KnFZFCsfBT
721746854355025921	1460912834143	1	0	RT @SoledadOnetto: Ojo, intendente @Orrego el jueves advirtió a la empresa y solicitó refuerzos en las obras. La concesionaria no tomó resg…
721746878136758273	1460912839813	2	0	RT @UltraDerechaCL: Jajajajaja #lluviasantiago https://t.co/bk6AtlhEZM
721746895975157764	1460912844066	2	0	Y la Soa Presidenta dónde está?? #lluviasantiago ������
721747297759956993	1460912939859	2	0	@MarielaArayaO @AlfredoSfeirY @a_esceptica En esta estoy de acuerdo con Profesor Sfeir. El agua siempre trata de recuperar su cauce.
721747353498173440	1460912953148	1	0	RT @Muni_Indep: Vecin@sInformamos que en Plaza Luis Galdames hay un nuevo punto de distribución de agua. https://t.co/9cd3oBsGhx
721747493298573312	1460912986479	3	1	Que linda es la lluvia.
721747702481072131	1460913036352	2	1	RT @MimoTuga: Nos vemos en un rato! Abril Risas Mil y con Lluvia ;) Plaza Victoria 17 hrs! ---Al agua patoooo--- https://t.co/DargOPEqCs
721748054857146368	1460913120365	1	1	RT @LibCatalonia: Amigos muchas gracias a todos por sus buenos ánimos. Necesitamos movilizar a la Muni para que se apure con la bomba de ag…
721748148847181829	1460913142774	1	1	RT @consejocultura: La Cuenta Pública CNCA, fijada para mañana a las 11 en Valpo, ha sido suspendida ante la situación provocada por la llu…
721748208997769216	1460913157115	1	1	RT @PublimetroChile: Corte de agua: Trabajadores que no cuenten con agua potable deben suspender sus funciones https://t.co/Gq50ETiPXs http…
721748579950452737	1460913245557	2	1	Otra vez los Eapañoles...igual que en el puente Cau Cau en Valdivia.. https://t.co/r4u1K9Lz5u
721748898197454849	1460913321433	2	1	RT @raulho_cnn: Lluvias en Santiago, este weon no respeta la naturaleza, el Mapocho no se rinde, caramba! https://t.co/Ydqa1n3VUn
721748987645202436	1460913342759	1	1	RT @c_vittori: En San Juan de Chena, entregamos sacos de arena mangas plásticas, carbón. Se despejará el agua con motobomba. https://t.co/1…
721749433428389888	1460913449042	2	1	@Gacelagacelagac Jajajajajaja que pare esta lluvia ql, me tiene chata &gt;:c que llueva un rato es suficiente
721749548859858945	1460913476563	1	1	RT @Carabdechile: Las condiciones de conducción en días de lluvia son más complicadas, por lo que recomendamos que siga estos consejos http…
721749724189962242	1460913518365	2	1	RT @LaTiaEvelyn: Mientras no mueran vidas que están por nacer a causa de la #lluviasantiago, no nos importa una mierda acá en la UDI.
721750297048035328	1460913654945	2	1	RT @Valpo2001: Un país que tiene un diario con este titular merece quedarse sin agua https://t.co/0wcuMeibmp
721750464241344512	1460913694807	2	1	@AgriculturaFM @Orrego Porque no dice el nombre de la Empresa con NOMBRE Y APELLIDO a quien proteje a @CostaneraNorte_ ??
721750510697627649	1460913705883	1	1	RT @TeAmoValpo: Los noticiarios muestras la lluvia en Santiago, pero No son capaces de Mostrar la triste realidad de Valparaiso https://t.c…
721750511179931649	1460913705998	1	1	RT @femina33: @DonDatos @danielexhuevo porfa pesquen lo que pasa acá región ohiggins Stgo no es chile señores
721750515726598144	1460913707082	1	1	RT @adnradiochile: AHORA Gerente de Costanera Norte explica causas del desborde del Mapocho
721750540632342528	1460913713020	1	1	RT @Emol: VIDEO | Así se ven algunos sectores de Providencia tras cercida de Río Mapocho https://t.co/nH9FzRvaA9 https://t.co/xYCvHNi7JL
721750560144289793	1460913717672	3	1	RT @sanjoseahora: La peor inundación en décadas https://t.co/wQHeZaFg2q
721750587881205760	1460913724285	3	1	Gran VERDAD !!! https://t.co/vfiNtDwtIH
721750647020908545	1460913738385	2	1	RT @IvanTorresbot: Estoy ready para salir a recorrer mi hermosa ciudad #lluviasantiago https://t.co/VW16YhucJR
721750659771547648	1460913741425	3	1	@DanielaBarreraV yo ya te hacia mandando a tu esclavo que te instale una copa de agua en tu palacio ������������
721751179898830848	1460913865433	1	1	RT @GobCordillera: ������ Puntos de Distribución de Agua en #PunteAlto, ayúdanos a difundir! Y cuéntanos como se encuentra tu sector https://t.c…
721751623777714177	1460913971262	1	1	RT @mjosepizarro: Gran socavón en Quilicura sector Buenaventura #lluviasantiago, foto @adnradiochile whatsapp +56977727572 https://t.co/2rl…
721751678534434816	1460913984317	3	1	RT @Caravana750: VIENE AYUDA DE CHILE PARA ECUADOR Bomberos de Santiago, La Serena, Viña del Mar en fase de preparación y movilización por…
721751768359641089	1460914005733	2	1	Como caga todo la lluvia. #Domingo
721751810072031234	1460914015678	2	1	RT @VozCiudadanaCL: Por favor, no los olvidemos, ellos también lo están pasando mal :(#LluviaSantiago ������������������ https://t.co/ux8qXQHQcu
721751889650561025	1460914034651	2	1	Un domingo de lluvia se lo pasa asi������❤������������ https://t.co/QslbmrwFgr
721751963998756865	1460914052377	2	1	RT @Z0UISINFINITY: @MICKEYGALL4VICH uno piola jaja    preguntaba pq viste q está pasando de todo en el mundo y obvio q en chile va a pasar…
721752031300579328	1460914068423	2	1	RT @Cristobalbo18: En estos momentos en Santiago, el gran inteligente, Gustavo Hasbún limpiando su auto bajo la lluvia. #lluviasantiago htt…
721752275111321601	1460914126552	2	1	Mmmmmm, o sea, no debería, además de las clases, suspender actividades laborales?, no hay agua potable!, como lavo, cocino, me limpio, etc
721752456342990848	1460914169761	1	1	RT @autopista78: Autopista del Sol Informa : Pista derecha habilitada km. 10 con dirección Santiago
721752488660111361	1460914177466	1	1	RT @germancodina: Atención vecinos, estos son los puntos de distribución de agua potable, recuerden hervirla antes de su consumo https://t.…
721752555458531328	1460914193392	1	1	RT @Cooperativa: Intendente Orrego: Aguas Andinas extendió el corte hasta el mediodía de mañana lunes https://t.co/bObEOVnc0s
721752691467280385	1460914225819	1	1	RT @ratioessendi: @Orrego (vocero de Aguas Andinas): se extiende corte de agua para mañana lunes,   al menos...
721752855229644801	1460914264863	1	1	RT @latercera: AHORA | Intendente @Orrego: "Mientras se mantenga suspendida el agua potable, se mantendrán suspendidas las clases" https://…
721753184147009536	1460914343283	2	1	@CNNChile @Orrego como tan tarados.. Profesores alumnos de comunas sin agua... No podrán ir al colegio a comunas sin agua ...
721754476319793153	1460914651361	1	1	RT @plpm: #lluviasantiago Santiago no es Chile!!!!!! Favor difundir!!!!! ahora en la sexta región https://t.co/zmyWLji2PH
721754553583017987	1460914669782	1	1	RT @mjosepizarro: Salida de metro Quilín, poniente, inundada. #lluviasantiago @adnradiochile foto whtsp ADN +56977727572 https://t.co/aP4F5…
721755139166584832	1460914809396	2	1	Lo feliz que estaría @MesutOzil1088 hoy en santiago con la cantidad de pozas y LAGUNAS que se han formado por la lluvia O no @JavierBeas10 ?
721755144656957441	1460914810705	1	1	Amo que en verdad estén considerando ir a clases mañana. Yo como que nunca conocí mi facultad con lluvia (o menos de 18 grados tbh).
721755213657411585	1460914827156	1	1	RT @TeAmoValpo: Los noticiarios muestras la lluvia en Santiago, pero No son capaces de Mostrar la triste realidad de Valparaiso https://t.c…
721755337490055168	1460914856680	3	1	RT @cbsantiago: Gerencia del grupo USAR Santiago activado en sala de crisis de @CentralCBS https://t.co/X6wK79ZFFu
721755402023628800	1460914872066	2	1	RT @CaritoCosecha76: Se la llevó el río? https://t.co/oirZKDn6x3
721755430653968384	1460914878892	2	1	RT @DonDatos: Me mandaron a comprar pan, me fui por la ciclovia del mapocho.#lluviasantiago https://t.co/lr34tbVbVg
721755537533181952	1460914904374	2	1	@KarendTV @jcastanaalcaino @Orrego que troleo mas "ÉPICO"......... Grande Karen. Un 7 pal niño.
721755643451990017	1460914929627	2	1	Termina de hablar la alcaldesa y justo llega una motobomba para sacar el agua de... Falabella. Plop.
721755737517658112	1460914952054	1	1	RT @UltraDerechaCL: Luksic dejo a todo Santiago sin agua x la intervención de #Altomaipo en el río maipo y los españoles de sacyr nos inund…
721755780077252608	1460914962201	2	1	Y M. Bachelet donde esta (?) alguien que le avise que hay un frente de mal tiempo en #Chile y que las autoridades deben dar la cara...
721755857562656772	1460914980675	3	1	RT @Mayte_Carranco: Les recomiendo muchísimo este libro... Les mando lluvia de besitos, bonito sábado!!!! https://t.co/f6GclBTzMy
721755885983416320	1460914987451	1	1	RT @MaxQuitral: Maipú tiene agua. Pero eso se debe a marchas y funas que se hicieron para frenar la privatización que buscaba Undurraga en…
721756168004243456	1460915054690	2	1	RT @Sodas6: Los Simpson tienen Frases e imagenes para todo #lluviasantiago https://t.co/VGbbIgs1FI
721756468551290881	1460915126346	2	1	hoy me di cuenta que una autoridad como el señor Orrego se lo pasan por el orto y al Min. del Inter. en su casa esperando q quede la cagada
721756555415261184	1460915147056	1	1	RT @Orrego: Inspeccionando estado de Quebradas San Ramón y de Macul. En ambas obras funcionando sin problema https://t.co/0QzqVVL3bF
721757175454965761	1460915294885	1	1	[EN VIVO] Especial de Tele13 Radio: inundaciones en Santiago https://t.co/Xz8ZwAmbpI
721757495291564032	1460915371140	3	1	RT @DoctorWho_0: Países más desiguales ������ Chile, Haití, Boszzz...y Uds?  @Senado_Chile @CamaraDiputados Qué dicen? Se hacen loh weoneh https…
721758118695276544	1460915519771	1	1	RT @Sanfeliu: Bombas de agua para sector Drugstore de manera urgente están pidiendo. Se ruega a empresa privada ponerse sumando ayuda. RT
721758649362882561	1460915646292	2	1	RT @tomasechiburu: Para @louisdegrange la culpa del desborde del Mapocho es del @map8pedaleable que aun no se ha construido. No de la Costa…
721758818619756544	1460915686646	2	1	#lluviasantiago y un día  en la playa en familia ������ https://t.co/4xqlseeb0R
721758843353608193	1460915692543	2	1	RT @ComiteMattaSur: Con lo ocurrido hoy se demuestra que empresa privada no puede hacerse cargo de consecuencias de una lluvia fuerte! #Nac…
721759395848327168	1460915824268	1	1	Informe de Precipitaciones 17-04 https://t.co/nsNaR1CO0K vía @meteochile_dmc https://t.co/p9eENrhyNE
721759907511463937	1460915946258	1	1	RT @andresamengual: En Puelo paso lo mismo. Empresa corto cerros e intervino el río y mantuvo incomunicada a una comunidad entera. #lluvias…
721760010733228038	1460915970868	2	1	RT @lloidibichion: El premio "Gustavo Hasbún" del día está entre:- @MarisolTurres y- @vanrysselberghe Hagan sus apuestas!!#lluviasanti…
721760035521605633	1460915976778	2	1	RT @DerechaTuitera: Candidatos Nueva Mayoría  #Municipales2016 no pierden el tiempo #Mapocho #SantiagoEsVenecia https://t.co/qUcGe0fo7V
721760312349863936	1460916042779	3	1	RT @franjeado: Gente de Capiatá se portó de lo peor con utileros del Club y también cortaron el agua al vestuario de Olimpia. Pichados y re…
721760341819056130	1460916049805	1	1	RT @ISMinforma: [comparte] https://t.co/ApfoGqZW9B https://t.co/JKY3gGLkBF
721760379538432001	1460916058798	2	1	RT @marciamars18: @ahoranoticiasAN  anda informacion que en el puente marambio de melipilla se esta por desbordar el rio maipo. saben algo?
721760530092961793	1460916094693	2	1	RT @DropDiego: Acá en Maipú estamos juntando agua potable, comida orgánica y iPhones (5c en adelante) para toda la gente de Provi. Dm para…
721760730786172928	1460916142542	2	1	RT @zmsickmarvel: Bienvenido a Chile, en el norte puede encontrar alud, en el centro inundaciones y en el sur a Mordor #lluviasantiago http…
721761261831241731	1460916269153	2	1	RT @OscarContardo: Es vergonzoso que la Intendencia actúe como vocera de la empresa Aguas Andinas, instruyendo a la población a no malgasta…
721761584289357824	1460916346033	2	1	Una consulta @khali_1001 ... Se cortó el suministro de agua en tu casa?
721762145910677506	1460916479934	2	1	@TVN #24horastvn  Alud: corresponde a deslizamiento de nieve, mientras que Aluvión es un flujo de barro. #lluviasantiago
721763311897980928	1460916757927	3	2	Shuuuu no nos olvidemos del terremoto de #Ecuador  #lluviasantiago
721763353450921984	1460916767834	2	2	RT @pedestre: Mapocho pedaleable puede ser inundable. Autopistas urbanas no.No busque culpables donde no los hay
721764721209135104	1460917093933	1	2	RT @chilectra: #CorteDeEnergía en Providencia: A.Bello/Pdte.Riesco/Vitacura-Providencia/Las Bellotas c Guardia Vieja.Desborde de río afecta…
721764766230966273	1460917104667	1	2	RT @GobCordillera: Puntos de distribución de Agua de @aguas_andinas  en #PuenteAlto, ayúdanos a difundir! https://t.co/Rpdvz0dhwu
721764936171589637	1460917145184	2	2	RT @ChileFoto: Simplemente gracias @Carabdechile ������ #lluviasantiago https://t.co/0RUaIUNkwa
721765743818358785	1460917337742	1	2	RT @plpm: #lluviasantiago Santiago no es Chile!!!!!! Favor difundir!!!!! ahora en la sexta región https://t.co/zmyWLji2PH
721766173646282752	1460917440221	2	2	Dia perfecto para ponerse al dia en las series ������������������ #cama #lluvia #series #vikings https://t.co/L801LMVrp1
721766221440552960	1460917451616	1	2	RT @atticuslex: Alo aguas Andinas, el agua sigue saliendo turbia.  #lluviasantiago https://t.co/vtlMtLsyVM
721767446374445056	1460917743663	2	2	RT @Valpo2001: Un país que tiene un diario con este titular merece quedarse sin agua https://t.co/0wcuMeibmp
721768696239284224	1460918041654	1	2	RT @SantoTomas_ST: Informamos oficialmente la suspensión de clases de las 5 sedes de Santiago para jornada diurna y vespertina para mañana…
721768779055775745	1460918061399	2	2	RT @asbelhiper: @SpotifyChile la hizo otra vez con sus salvadoras playlists ������ #ElDesborde #LluviaSantiago https://t.co/D2lFwXlVi4
721769432780042240	1460918217259	1	2	RT @soyaconcagua: AHORA: peatones no pueden transitar por Av Chile y Abraham Ahumada  en San Felipe. Camioneta ayuda y aún hay colapso http…
721769623214034944	1460918262662	1	2	Desastres sobrevienen cuando se fuerza el curso natural de las cosas. #literal y #noliteral. #santiago
721770086915117056	1460918373217	1	2	Santiago: Chilectra Informa Corte de Luz en Providencia https://t.co/Pnm6ASNxDm https://t.co/urGxsyfEOf
721770302699671552	1460918424664	2	2	RT @tuiterodechile: #ProcesoProstituyente #TrampaConstituyente obvio que #lluviasantiago era última prioridad ������ https://t.co/C39wBsnUNY
721771108823908352	1460918616859	2	2	Lo bueno es q aún tenemos internet y todos podemos compartir lo cochinos q estamos  #PrioridadesClaras #lluviasantiago
721771300470059008	1460918662551	2	2	RT @ChileAlzaLaVoz: y pensar que hay weones q se levantan temprano para ir a votar por un conchesumadre como este!! https://t.co/3i7tQxa8T0
721771621791375363	1460918739160	2	2	Veo a los hervones de costanera Norte en directo rompiendo un dique lleno de agua. Mmmm
721771813634732032	1460918784899	3	2	Los Iracundos - Es la lluvia que cae https://t.co/0wbUiLuygE
721771854806007809	1460918794715	1	2	RT @Claunubed: Fue @Orrego y @josefaerrazuriz quienes dieron V°B° a obras en el Mapocho y ahora se hacen los wnes?? La media perso! https:/…
721771881536294912	1460918801088	2	2	Es que no puede ser tan básica la genteEs como si yo reclamara porque está cerrado el costanera y no puedo comprar������ https://t.co/mv2vrVkMFv
721771893557194752	1460918803954	2	2	RT @Camipaz_cuevas: Un político de verdad !!!  Por favor que lo clonen o algo !!! Chile necesita más gente como Boric !   https://t.co/WKo9…
721771908124033028	1460918807427	1	2	RT @24HorasTVN: AHORA| Riesgo de desborde en Puente Lo Saldes →https://t.co/kk17sOoF80 https://t.co/PrbNN8VBnA
721771924645408768	1460918811366	1	2	RT @SoledadOnetto: Ojo, intendente @Orrego el jueves advirtió a la empresa y solicitó refuerzos en las obras. La concesionaria no tomó resg…
721772458404130816	1460918938624	1	2	RT @GabrielCorrea43: Ojo con lo que acaba de decir la ministra de trabajo.. Por si usted no sabía  #lluviasantiago https://t.co/BvkkXFuebR
721772901544943616	1460919044277	2	2	No olvidemos que La Alameda antes era La Cañada, un brazo del Mapocho
721773351795040257	1460919151625	1	2	RT @CNNChile: Suspenden clases a nivel pre escolar, básica y media en la provincia Stgo y comunas San Bernardo,  Pte Alto y S. José de Maip…
721773408237826048	1460919165082	1	2	RT @carolinarevalo: FavorRT Al evacuar, no los olviden. Si ves un animal no-humano en dificultades, ayúdalo! @carolinapinoc @ana_josefa  ht…
721773739541708801	1460919244071	1	2	Universidad Diego Portales suspende actividades mañana lunes 18 de abril #lluviasantiago https://t.co/OoZdEKDNfI
721774246809063426	1460919365013	1	2	FOTOS Desborde del Río Cachapoal https://t.co/78tiGDH2Tu
721774628641861638	1460919456049	1	2	RT @MintrabChile: Ministra @ximerincon en @T13 "Si no se cuenta con agua no se puede trabajar, son normas básicas de higiene"
721774815846207488	1460919500682	2	2	RT @Ricky_k9: Hasbún en terreno evaluado la magnitud de las inundaciones #lluviasantiago https://t.co/MpnhURmUr4
721775173968470018	1460919586065	2	2	RT @negra_cartes: Aún nos queda corazón #lluviasantiago @carolinapinoc https://t.co/2ohpaj73La
721775194583527425	1460919590980	1	2	RT @Claunubed: Fue @Orrego y @josefaerrazuriz quienes dieron V°B° a obras en el Mapocho y ahora se hacen los wnes?? La media perso! https:/…
721775684427755520	1460919707768	2	2	Propongo demoler Suecia 286 y - con los escombros - construir un dique al brazo díscolo del Mapocho...la Patria, así lo demanda!!
721776269029822464	1460919847148	2	2	RT @joseantoniokast: En q estuvo el Gobierno de Pdta.MB viernes y sábado previo al #Temporal ?Esto muestra por q Chile está como está !! h…
721776303247122432	1460919855306	2	2	RT @hernanhevia: Algunos políticos y empresarios hambrientos de dinero y con almas egoístas dan como resultado un país que sufre #lluviasan…
721776854546456577	1460919986746	4	2	@tjholt @Orrego ya yaa simple reprezentacion d lo q pudo ser ex post bs
721777693939920896	1460920186873	2	3	Está quedando la cagá pero Chile es fuerte! #lluviasantiago grande @SpotifyChile ✌������️������✌������ https://t.co/ebtrZLLAsX
721777785123934208	1460920208613	2	3	RT @antonella_sss: (Gustavo Hasbún juntando agua) https://t.co/bOZQ2C5KE4
721777956851466240	1460920249556	1	3	RT @InternetExplo__: Costanera Center sin problemas visibles en estos momentos.#lluviasantiago #Providencia https://t.co/3Oc7ZlvUIL
721778344585519106	1460920341999	2	3	RT @historyinfoto: No, la vendió Eduardo Frei. https://t.co/O6cDAZ447h
721778536600702978	1460920387779	2	3	4 millones en Stgo sin agua, menos las empresas ������
721778660353552384	1460920417284	1	3	Felicitaciones a Carabineros de Chile siempre dispuestos a todo. @Carabdechile  https://t.co/cVQxrZ6bTN
721778883637428224	1460920470519	2	3	Me van a disculpar, pero esto dice mucho sobre su éxito en la vida. https://t.co/FzFJuPlsGA
721779913628459008	1460920716088	2	3	Declaración de Horst Paulmann demuestra la indolencia y falta de humanidad q parte del empresariado tiene hacia el sufrimiento de los demás
721780384246026240	1460920828292	2	3	En Chile estamos todos mojados: La gente mojada por la lluvia y los políticos mojados por las empresas. Ese es mi Chile mierda!
721780401056800771	1460920832300	1	3	@hijoferroviario autoridades dijeron que los suministros de Smapa de agua potable podrían verse afectado x ende juntar agua x siaca
721780738144788480	1460920912668	2	3	RT @vargsvillalobos: Propongo demoler Suecia 286 y - con los escombros - construir un dique al brazo díscolo del Mapocho...la Patria, así l…
721780868914786309	1460920943846	3	3	Precios $$? https://t.co/lE9NMmj4D5
721780893644271616	1460920949742	1	3	RT @lidersanantonio: Conozca los puntos de abastecimiento de agua potable en Algarrobo, El Tabo y El Quisco https://t.co/bHe69ahY4y
721780901718421504	1460920951667	2	3	RT @micronauta: Si en Alemania a un ingeniero se le inunda un túnel con aguas lluvia le quitan el título. En Chile le dan un bono por ahorr…
721781843943690244	1460921176311	1	3	Conoce aquí Los 64 puntos de abastecimiento que dispuso Aguas Andinas por el corte de agua https://t.co/fdhDaelbMT vv
721783988671660032	1460921687654	1	3	RT @randudog: "No pueden funcionar oficinas sin agua" Ministra del Trabajo.#LluviaSantiago
721784652004986880	1460921845805	1	3	#SistemaFrontalVregión Información Importante: #Valparaíso https://t.co/U6rxfHR4mG
721785017278558208	1460921932893	1	3	RT @RevistaCosas: Temporal  deja a 35 comunas sin agua y autoridades ya cancelaron las clases de mañana! #lluviasantiago https://t.co/RkFrZ…
721785707795202048	1460922097525	2	3	RT @bar_liguria: Harta pyme con el agua hasta el cogote en Santiago, como para preocuparse tanto por don Jumbo.
721786485175771138	1460922282867	2	3	Me gusta mucho el frío,������pero la lluvia ya me canso ������ke decirles ☔❄⛄
721786520785580037	1460922291357	2	3	Si esto es "noticia que vende", no tenemos oportunidad de crecer como país, resentimiento en el ADN nacional. https://t.co/V0ZDPnZx4I
721786574606884864	1460922304189	3	3	@guadavazquez culpa de Macri!!! como esta lluvia que nos quiere hacer parecer a Londres
721786586720051200	1460922307077	2	3	RT @chilenoenojao: Simplecito para que entienda....No les gusto darle Alto Maipo a Luksic? #NoAltoMaipo #lluviasantiago https://t.co/Jt…
721786588909408257	1460922307599	1	3	RT @Carabdechile: Gral Director recorre "en terreno" puntos críticos en Santiago. https://t.co/R9XMK4DCBr
721786620781797378	1460922315198	2	3	RT @TuTioPelao: Alo .@onemi el agua les esta llegando al cerebroA .@vanrysselberghe y .@MarisolTurres https://t.co/Il29xbwIGX
721786633910149120	1460922318328	3	3	La censura en el Chile Colonial cauteló el ingreso, tenencia y lectura de ciertas obras / https://t.co/RcgpGhE4vu
721786654617427969	1460922323265	2	3	Lluvia y la conchetumare
721786657817628673	1460922324028	2	3	RT @LucasPalape: Grande...!!! Perro Chileno rescatando a su cachorro #lluviasantiago #FelizDomingo Foto gentileza de Gustavo Hasbún https:…
721786670497075200	1460922327051	2	3	RT @koke1975: Señora si vé a su alcalde mojado,con cara de pena y  los pies en el agua no le crea recuerde que se vienen las elecciones #ll…
721786709600546816	1460922336374	1	3	RT @cristobalreus: Comunas con corte de agua en la VI region @meteocolchagua https://t.co/vhzlKyb5W3
721786973783003136	1460922399360	2	3	Te podes ir bien a la cancha de la lora lluvia de mierda !!! Seguro esta noche llueve con todo #Forra
721787076790915080	1460922423919	3	3	Siento un cierto rechazo a Carabineros de Chile y a los taxistas.
721787560385769473	1460922539217	2	3	RT @Ignacia_Becker: Todo Chile sin colegio mañana menos Trebulco, te apuesto������
721787627784052736	1460922555286	2	3	lo mismo que le paso a bachelet con el 27F https://t.co/sPSsvroWAk
721789859048857600	1460923087261	1	3	@CaroEscobarTVN @gonzaloramirex @24HorasTVN En puente alto hay agua, poca pero hay
721789939831214081	1460923106521	1	3	@La_Guapis Oficina que no tiene agua, no puede funcionar mañana. La Min del trabajo lo dijo en la mañana. Ojo ahí
721790209688473600	1460923170860	2	3	"Tú... yo... la #lluviaSantiago... no sé... piénsalo" (...) https://t.co/oKv7LWCrrR
721790874590580737	1460923329385	2	3	RT @lausosa: Hay lugares donde falta el agua y lugares donde sobra. Hay personas que pueden aguantar un poco más que otras. https://t.co/Rz…
721791195958157314	1460923406005	2	3	RT @pelotazo: Gran trabajo de @Carabdechile tras esta lluvia eterna. Mojándose, ayudando, coordinando, ejemplo para todos. #chile
721791255668244480	1460923420241	2	3	RT @Nacho_GarciaJ: Jajajaja que son pesao en Chilevision. El medio troleo������������������ #lluviasantiago https://t.co/q2qzHK3SVV
721791878597881856	1460923568759	2	3	Periodistas varios hablando de lodo y fango... dónde quedó la republicana costumbre de decirle barro al agua con tierra?
721792084731109377	1460923617905	2	3	RT @mcrespo2016: ������������@Muni_provi el esfuerzo d nuestros funcionarios municipales siempre en acción junto a los vecinos no para la foto https:…
721792092113080321	1460923619665	2	3	RT @carlosfrontaura: La lluvia es clamor del cielo por los inocentes que morirán si se consolida legalización del aborto #NoLosDejaremosSol…
721792094721994752	1460923620287	2	3	RT @ivan_olguin_: El zurderío siempre descuera a #Carabineros, y en emergencias son siempre los uniformados quienes levantan a #Chile https…
721792110383472641	1460923624021	2	3	RT @michaeljohane: Nosotros webiamos a Horst Paulmann, y él ya tiene un plan para vender el agua que inundó los estacionamientos del Costan…
721792111234801664	1460923624224	1	3	Científicos explican por qué medio Santiago se quedo sin agua...De forma clara y precisa compartamoslo.... https://t.co/N4Dsbkbmkd
721792120013643776	1460923626317	2	3	Porque no hay nada más solidario que ser eficientes!!!! Ya nuestro equipo de Santiago realizando las primeras... https://t.co/pCZoDUMqem
721792143791112193	1460923631986	3	3	RT @cbsantiago: Sigue la coordinación del grupo USAR Santiago en la sala de crisis de @CentralCBS https://t.co/wk3K7KmTZk
721792149415731202	1460923633327	3	3	RT @EresCurioso: El Mercurio de Valparaíso (Chile) es el periódico en circulación más antiguo del mundo en español, publicado ininterrumpid…
721792154415325184	1460923634519	1	3	#SistemaFrontalVregión  Información Importante: #Valparaíso https://t.co/oeiH1oYY3l
721792210912616449	1460923647989	2	3	RT @mefaltaelaire: ¿Y saben que el 2058 ya no habrá agua para Santiago? Un proyecto privado dejará a la capital de un pais, sin agua. #Alt…
721793634379497474	1460923987370	2	4	RT @LaTiaEvelyn: ESTÁ PASANDO | Taxistas y choferes de Uber se unen para protestar contra triciclos y botes por competencia desleal. #lluvi…
721795004604268545	1460924314057	2	4	RT @vanirosenthal: Si suspenden las clases y las nanas no pueden llegar, cómo se supone que iremos a trabajar? @Orrego
721797218114609155	1460924841799	2	4	Y mientras otros hacen el ridículo mezclando la lluvia con temas como el aborto o el proceso constituyente. Pobres weones
721798233408860164	1460925083864	1	4	RT @MintrabChile: "Se deben garantizar agua potable para trabajar" Ministra @ximerincon en @24HorasTVN @TVN
721798561927667712	1460925162189	2	4	RT @robertocayuqueo: Así da gusto ver a los pacos, no arrastrando escolares del pelo https://t.co/9StaYVB8Ts
721799028418166784	1460925273409	2	4	RT @LaTiaEvelyn: ¿Suspenden clases x #lluviasantiago? Yo los haría marchar x el barro cantando la 3° estrofa del himno pa q aprendan a no f…
721800520273231872	1460925629095	2	4	RT @Solangeperelli: El gobierno preocupado de la #TrampaConstituyente y en la realidad chile está inundando y la gente necesita ayuda.
721801677880176641	1460925905090	4	4	RT @CarlosNewells: Dice el relator: "lluvia le quito gran cantidad de público a velez" Por ahí paso un tsunami maestro
721803169660059648	1460926260758	2	4	@tv_Amaro Que puedo hacer si trabajo en un ministerio?? Una cosa es tener agua en el trabajo. Pero como voy limpio y me ducho? ������������
721804896585060353	1460926672489	1	4	RT @randudog: A las 20:00 hrs. Autoridades informarán sobre la situación laboral de mañana en la R.M #lluviasantiago
721805411888820224	1460926795347	2	4	RT @GAMBA_CL: Hoy, en la sección: "5 años de periodismo" #lluviasantiago https://t.co/gHViynW4ZU
721805413692358656	1460926795777	2	4	RT @Gustavoyentzen: Santiago después de la #lluvia es una maravilla; se siente el aire limpio, nadie en las calles...incluso parece una ciu…
721806722440892418	1460927107807	2	4	RT @Dr_cuantico: Santiago navegable ������ https://t.co/9QZZpUFRDg
721808284399874048	1460927480207	3	5	@AlexPomboRacing se sabe de algún cambio en el reglamento? Qué va a pasar con los aerokits? Más potencia?  Saludos desde Chile
721809100368125952	1460927674749	2	5	Gracias por no dejarlos de lado... https://t.co/suIf91VAJ0
721809514371002369	1460927773455	2	5	RT @EduContreras: Me informan por interno que #bachelet va a terreno… #lluviasantiago https://t.co/9cDDQnKEZF
721810428192423936	1460927991327	2	5	RT @Carlinhos_7: Boric siempre presente... para la pura foto claro... #lluviasantiago https://t.co/y62wGaA1uF
721812628746711040	1460928515980	1	5	RT @Cooperativa: Corte de agua potable: ¿Qué ocurre con los trabajadores? ¿Se trabaja? https://t.co/s9W96CjjEu https://t.co/dP7141DOqe
721813003889291264	1460928605421	3	5	18:30 Santiago Temp. Actual: 12.5ºC Condición: Cubierto y lluvia Humedad: 95% (Ropa en https://t.co/TJEHT4DFLI)
721813019857002496	1460928609228	1	5	[18:30] En #santiago, Temperatura Actual: 12.5ºC, Condición: Cubierto y lluvia, Humedad: 94% #clima #tiempo #scl
721813768326488065	1460928787677	1	5	RT @Orrego: Esto en la mañana era un río, ahora está más controlado. Av Andrés Bello mañana estaría 100% operativa https://t.co/gieYcf1eq9
721814829481246720	1460929040676	2	5	RT @_Ma714s: Me saco el sombrero por Carabineros, Militares y Bomberos ������������Así se mueve el país.#LluviaSantiago https://t.co/Mo7tjLti3U
721815543083376641	1460929210812	2	5	RT @Lucieernaga: @aguas_andinas ojalá se solucione esta noche  ya son días sin agua !!!!!!!
721819248004308993	1460930094134	1	5	Clases suspendidas, más de 4 millones de clientes sin agua, muerto, desaparecidos y más.. es el reporte x  frente d mal tiempo en #Santiago
721819552754057216	1460930166792	3	5	Vivan los bomberos!! De la desgracia en Chile, parten a Ecuador a ayudar en el terremoto. verdaderos servidores públicos, no como otros...
721821725017653250	1460930684700	1	5	RT @Pancho_091: #quilpue ha resistido la #lluvia con el recarpeteo de #avloscarrera @sitiodelsuceso @Quilpue_Noticia @quilpueciudad https:/…
721822711501168643	1460930919896	2	5	Yo no encuentro q los santiaguinos le pongan color con el tema del agua,para 27F estuvimos un mes sin agua y es terrible ������#LluviaEnSantiago
721824468998430720	1460931338916	2	6	¡ Seco ! https://t.co/XF1siFc6kz
721825279220563969	1460931532088	2	6	RT @brockmanews: TAXIS indignados con nuevo transporte Arca Uber #lluviasantiago https://t.co/iqBbuEHoY3
721828028964147201	1460932187678	2	6	RT @AgosNowak: Debo ser una de las pocas personas felices por todos estos días de lluvia. Me hace bien al alma������.
721828910162452482	1460932397772	1	6	RT @rckpstr: Tenemos sistema móvil de purificación de agua para asistir con quien hablamos? @MashiRafael @Riesgos_Ec @JorgeGlas https://t.c…
721831798263537664	1460933086349	3	6	RT @asbelhiper: ¡Ya tenemos nuevo seleccionado para los Juegos Olímpicos Rio 2016! #LluviaSantiago https://t.co/Q9tBQuLT6o
721834973175656448	1460933843307	2	6	Aunque la lluvia continúe y mucha gente del puerto sufra... la suerte de vivir aqui es impagable. VALPO HERMOSO ! https://t.co/l2L5V6Pdjn
721836464171048961	1460934198788	1	6	RT @Claunubed: Fue @Orrego y @josefaerrazuriz quienes dieron V°B° a obras en el Mapocho y ahora se hacen los wnes?? La media perso! https:/…
721836954267099136	1460934315636	1	6	RT @T13: ������������ Especial #Tele13 | Preocupa caudal del Canal Santa Marta » https://t.co/lZfpYaemXa https://t.co/Pasw2nicZy
721837829668663297	1460934524348	1	6	RT @T13: ������������ Especial #Tele13 | Preocupa caudal del Canal Santa Marta » https://t.co/lZfpYaemXa https://t.co/Pasw2nicZy
721841009043378176	1460935282370	1	7	RT @MsSexyBosscl: Sector Casa Cultura Ñuñoa... Agua luz ... Todo Ok ������������ @Nunork
721842051260788737	1460935530854	1	7	RT @biobio: VIDEO | Video muestra a Bomberos rescatando a perro atrapado tras crecida del río Mapocho https://t.co/nJNTtBXqE7 https://t.co/…
721842832051478528	1460935717009	2	7	RT @tembani19: @aguas_andinas Buenas Noches, por fav, Sabe cuando vamos a tener el servicio de agua en Ñuñoa? :)
721843878966509569	1460935966613	1	7	Ya chicos.. si mañana no hay agua en los trabajos.. no se puede trabajar.. por ley!! Si los retienen denuncien! https://t.co/JrkKtEma0z
721844710168530944	1460936164787	2	7	Que bien que la comunidad homosexual ayude. @Movilh @IgualesChile !! #lluviasantiago https://t.co/j3Zh7Vo0f6
721846729642000384	1460936646267	2	7	@aguas_andinas Pico n el ojo se llama sto,primera info de Uds,mcha lluvia mcho sedimento,llovió todo el domingo y se solucionó todo @copano
721847424613027842	1460936811961	2	7	RT @Platinumchile: Si te cortaron el agua, hoy abrimos a las 20:00 hrs  #JuntenAgua https://t.co/JqZfK01kuj
721847921046630400	1460936930320	1	7	RT @soychilecl: La Presidenta espera que el agua se reponga a las 6:00. https://t.co/dygmrdtbOU https://t.co/F9DbtAHe9m
721848156984631296	1460936986572	2	7	Cierto! Es hora de planificar nuestras ciudades.  Santiago colapsara sino comenzamos a planificar.  https://t.co/MXzbvuBrpn
721848163888455681	1460936988218	3	7	RT @amreyescep: ministro @jburgosv estamos en DEMOCRACIA, cuando le pregunte por S.E. NO SE ENOJE, RESPONDA, SIEMPRE SE SABE https://t.co/X…
721848180732727296	1460936992234	1	7	RT @soychilecl: Aguas Andinas: corte de agua se prolongará "al menos" hasta el mediodía del lunes https://t.co/l3i5waJmUY https://t.co/bkO…
721848202077540361	1460936997323	3	7	Estado de Chile: No más niñas y niños muertos en el SENAME. - ¡Firma la petición! https://t.co/YwR41DS72D vía @ChangeorgLatino
721848209145008130	1460936999008	2	7	No le han faltado el respeto a nadie? HUEÓN.. lo que pasó en todo Santiago es una falta de respeto para todo Chile ������
721848239025229824	1460937006132	1	7	RT @ALERTADESISMO: ATENCIÓN: recién en la tarde de el lunes 18 Santiago tendrá agua  potable por llenado de 8 mil kilómetros de redes.
721848243597008896	1460937007222	1	7	RT @ALERTADESISMO: ATENCIÓN: recién en la tarde de el lunes 18 Santiago tendrá agua  potable por llenado de 8 mil kilómetros de redes.
721848244859453443	1460937007523	2	7	Piquero de joven en una calle inundada de la capital, provoca reacciones en Twitter,  “Santiago Navegable”. https://t.co/OIhEZhE90f
721848258616762368	1460937010803	1	7	RT @ALERTADESISMO: ATENCIÓN: recién en la tarde de el lunes 18 Santiago tendrá agua  potable por llenado de 8 mil kilómetros de redes.
721848276098621445	1460937014971	2	7	RT @OscarContardo: La próxima vez que escuche hablar al intendente Orrego de smartcities, me voy a acordar de hoy.
721848280242659329	1460937015959	1	7	RT @PublimetroChile: Alcaldes temen riesgo sanitario por corte de suministro de agua https://t.co/4QXyyfUp0M https://t.co/9BdTuDoDua
721848298181632000	1460937020236	1	7	RT @0Dresne: Confirman Toxicidad. En  Rio Maipo por trabajos de faenas en #AltoMaipo Canales de TV mienten cuidando al #Patron RT https://t…
721848301822308353	1460937021104	2	7	RT @gabrielboric: Sacyr y Costanera norte deben indemnizar a quienes perdieron bienes en desborde Mapocho. Conozco gente que perdió todo en…
721848335607443457	1460937029159	2	7	RT @josemdelpino: North Face, auspiciador oficial de la Presidenta de Chile.
721848358671781888	1460937034658	2	7	Me encantan los bomberitos ������������������������ https://t.co/DhWEH9cTPY
721848361800871936	1460937035404	2	7	Mañana a las 6 va a dejar de llover y la puta lluvia se va a largar a las 8:30 cosaa que todos nosotros ya  estemos encerrados en la escuela
721848370952814592	1460937037586	2	7	Aguante el olor a quesillo! https://t.co/1Nltxv9BH8
721848378208989185	1460937039316	1	7	RT @chilepuro: Gerente de Costanera Norte: "Orrego y Undurraga son generales después de la batalla". https://t.co/fM7c44Ht4T
721848429702463488	1460937051593	2	7	RT @Frirouge: Alegan más por el agua cortada...Avíspense, saquen su balde y juntan agüita pura y limpiecita... De algo servirá.
721848434467217408	1460937052729	2	7	RT @roplantaerd: Webiaron toda la tarde para que saliera Bachelet y cuando sale se fijan en que tiene una chaqueta The North Face. Se mere…
721848467920928768	1460937060705	2	7	RT @ProgramaNTN: Hola @aguas_andinas cuando me pagan las 7 lucas por la reposición del servicio  y lo que tuve que gastar en agua envasada?
721848501055975424	1460937068605	1	7	RT @LibCatalonia: Algunas fotos de los daños por la negligencia de trabajos autopista #lluviasantiago https://t.co/Nq3teADAuW
721848526557343746	1460937074685	1	7	RT @ReporteroTop: Se acabó el agua en Amapolas #Ñuñoa ������ https://t.co/GezGWYg2Bg
721848538754375681	1460937077593	1	7	RT @teleSURtv: Corte no programado de agua potable en #Chile deja sin servicio a 3 millones de ciudadanos | https://t.co/6fjm17cjIS https:/…
721848552427794433	1460937080853	2	7	@alb0black no pudo ver pobre gallo por que lo unico que informa es de la inundacion
721848557226049537	1460937081997	1	7	RT @chilevision: Carabineros de Chile informó desvíos en la autopista Costanera Norte para este lunes → https://t.co/doNvM3mdcy https://t.c…
721848565518180352	1460937083974	2	7	RT @MarciaVargasS: @MalitoPalWebeo Wnes, parece que si no publican la "tragedia" de Paulmann sacará todo el avisaje y los quebrará ... no p…
721848583809548288	1460937088335	1	7	RT @Subrayado: 4 millones y medio de personas sin agua potable en Santiago de Chile https://t.co/x76zbZuWex https://t.co/hAaeUczd2N
721848614461509633	1460937095643	1	7	RT @NoAltoMaipo: Más de 4 millones de pers. sin agua, el #Maipo se debe proteger ahora https://t.co/MCVC8Ji6d8 #PorElAguaDeStgo #ProtegeElC…
721848646002745344	1460937103163	2	7	@24HorasTVN Nos tienen sin agua y nosotros tenemos que entregarles 1 hora mas del Lunes.
721848655242792960	1460937105366	2	7	CTM TOODO EL DIA COSTANERA . PROVIDENCIA .MAPOCHO NO HAY MAS PAIS PORLA CTM  Asta cuando el centralismo @24HorasTVN @ahoranoticiasAN
721848667607605248	1460937108314	2	7	Los que critican solo les duele que la chaqueta de la presidenta era original #lluviasantiago #temporalCNN
721848681557860352	1460937111640	1	7	RT @dmimica: No se desbordó el Mapocho. Trabajos de CostaneraNorte/Sacyr desviaron parte del flujo hacia calles y MOP no usó atribuciones p…
721848687115296769	1460937112965	2	7	RT @BanCarabineros: #SUERTE: Comparte la Bachelet acuática y mañana cruzarás sin problemas las calles de Santiago. #lluviasantiago https://…
721848690458013696	1460937113762	3	7	Aumenta la cantidad de mujeres que consumen su placenta en Chile https://t.co/uhJyc9RFUB https://t.co/xM6wzKdXoP
721848750075953152	1460937127976	3	7	RT @Paulitermicaa: ������@paulitachaves ig"Noche de lluvia!Plan espectacular,ir a ver @ElOtroLadoOk!Alla vamos️☝������️������������https://t.co/sM0rYGp9CZ" htt…
721848752907161600	1460937128651	2	7	Quién necesita a Batman o Superman? Estos son Héroes de vedad. https://t.co/rfC8mHTga4
721848808859164672	1460937141991	3	7	RT @mdzonline: El misterio de las sardinas varadas en las costas de #Chile https://t.co/yryiPQFVvS https://t.co/wRATjaFbo1
721848836805763072	1460937148654	1	7	RT @chilevision: Carabineros de Chile informó desvíos en la autopista Costanera Norte para este lunes → https://t.co/doNvM3mdcy https://t.c…
721848880355258368	1460937159037	4	7	������ @ Punta Arenas, Chile https://t.co/lv4rk6EG9F
721848886298558464	1460937160454	2	7	RT @hora20lared: Presidenta de Chile "#liderando " reunión informativa en La Moneda. https://t.co/qXctnEhP8L
721848899791634432	1460937163671	2	7	Es que una lata tener que salir de la casa un día frío y con lluvia...  https://t.co/mefXkfyRXg
721848910222897152	1460937166158	2	7	RT @asbelhiper: Con todo el swag cuando te muestran en la tele #LluviaSantiago https://t.co/xE3TJkGTT8
721848919412600833	1460937168349	1	7	RT @chilevision: Carabineros de Chile informó desvíos en la autopista Costanera Norte para este lunes → https://t.co/doNvM3mdcy https://t.c…
721848921581101057	1460937168866	2	7	RT @gvillafranca: Lógico que se corta el internet, la procesión va por dentro. Pero otros, se conectan para pedir #QueSeVayanTodos  https:/…
721848926240903168	1460937169977	2	7	RT @Antipiretico: @Joselgnacio @DonEitch El único que lo dijo en su momento fue @Orrego. Él nombró responsables en la mañana.
721848934424002560	1460937171928	3	7	RT @Noerestancruel: él Registro Civil es como él compadre moncho del servicio en Chile.
721848969417134080	1460937180271	2	7	Me incomoda ver reiteradamente confusión Tiempo y Clima sobre todo en medios de prensa @T13 #lluviasantiago
721849009128751104	1460937189739	2	7	RT @jimenezmunne: Lo del Mop y Orrego es como si entraran tipos a mi casa y se pusieran a hacer arreglos sin que yo autorice o me entere. W…
721849017198624769	1460937191663	1	7	RT @chilevision: Carabineros de Chile informó desvíos en la autopista Costanera Norte para este lunes → https://t.co/doNvM3mdcy https://t.c…
721849034483347456	1460937195784	3	7	RT @cbsantiago: Cuartel General - Jefe Médico USAR Santiago entregando información de importancia para los miembros del grupo. https://t.co…
721849047435362304	1460937198872	1	7	RT @teleSURtv: Corte no programado de agua potable en #Chile deja sin servicio a 3 millones de ciudadanos | https://t.co/6fjm17cjIS https:/…
721849065793810432	1460937203249	2	7	RT @RDAChile: Si ven un perrito o gatito abandonado, acójanlo hasta que pase la lluvia. Si después lo quieren dar en adopción, lo difundimo…
721849082084519936	1460937207133	3	7	RT @locura_racing: A Racing se lo alienta siempre, en las buenas y en las malas, en la Copa o en un amistoso, con lluvia o con sol, con frí…
721849109653680129	1460937213706	2	7	RT @sebasantanders: Ya que Bachelet habló sobre el sistema frontal, ahora dirán que habló para buscar subir en las encuestas.¡Típico Chilen…
721849114707783680	1460937214911	2	7	RT @roplantaerd: Webiaron toda la tarde para que saliera Bachelet y cuando sale se fijan en que tiene una chaqueta The North Face. Se mere…
721849116536528897	1460937215347	2	7	#agua #SanJoaquin #abastecimiento Mozart con Haydn Camión repartiendo agua, en este momento expedito.
721849156445343745	1460937224862	2	7	me encanta salir con lluvia, mojarme y la vola pero no ir a clases
721849159263891456	1460937225534	2	7	RT @ferelmoya: En la prensa de mañana lunes se va ha enterar, como es su costumbre.!!!! https://t.co/N9O5Ub9IYD
721849165077196800	1460937226920	2	7	@USEK_Chile cero comprensión con nosotros, tenemos compañeros que viven en Pirque y acá sin agua.. Que lata
721849166616535041	1460937227287	3	7	@Fa__Israel y por qué la Prensa inventa o hace caso de rumores infundados? Pasa que es callampa la prensa en Chile
721849177853030401	1460937229966	2	7	@Skiuder_ te volvió el agua?
721849203434119168	1460937236065	1	7	RT @alb0black: Desborde del río Mapocho de Santiago de Chile, temporal de 1982.@santiagoadicto #lluviasantiago https://t.co/2F1Zjnrc8X
721849249462370304	1460937247039	3	7	RT @MomioSinFiltro: Cállate vieja reculia!!!!! ( #Bachelet ) Mentirosa #lluviasantiago
721849252348084224	1460937247727	3	7	Estimado @marcoregil,¿De casualidad su libro tiene fecha de lanzamiento para este año? Espero poder comprarlo desde Chile. ¡Mucho éxito!
721849279678148610	1460937254243	2	7	RT @Nacho_GarciaJ: Bachelet exculpando a Aguas Andinas de tener a Stgo. sin agua hace dos días. Bah!! Verdad que... https://t.co/vPiVruTCy5
721849292193927168	1460937257227	2	7	@aguas_andinas pers. que x fuerza mayor no pagan el agua y ustedes dicen "no es mi problema" ahora nos toca decir... https://t.co/QUha6K8XHe
721849296866422785	1460937258341	1	7	RT @PJudicialChile: AHORA: Todos los tribunales de #Santiago se encuentran en buenas condiciones y tendrán funcionamiento normal mañana lun…
721849302709116929	1460937259734	3	7	RT @Leo_ChavezB: Hace 2 años compré aquí una novela, me senté en una banca frente a la librería y la leí completa; tkm Catalonia     https:…
721849323462529025	1460937264682	2	7	RT @Espelunco: Faltan el puro Mini cayéndose al Mapocho.
721849348640911360	1460937270685	1	7	RT @uchileradio: Universidad de Chile suspende las clases en todas sus unidades este lunes https://t.co/lkYtMsXx8W https://t.co/DqiIXGLivM
721849349723070464	1460937270943	1	7	RT @ReporteroTop: Se acabó el agua en Amapolas #Ñuñoa ������ https://t.co/GezGWYg2Bg
721849388340015104	1460937280150	1	7	RT @uchile: U. de Chile suspende las clases en todas sus unidades este lunes 18 de abril.Detalle en:https://t.co/7exyvwQV43 https://t.co/…
721849397823291392	1460937282411	2	7	RT @totoguzman: Este weón, cuando fue Alcalde de Santiago, vendió y privatizó las aguas de la comuna.- https://t.co/eBYfGGKRtI
721849409609338880	1460937285221	2	7	RT @chagocity2: Critican a #Boric. No han ayudado nunca. Son choros con teclado. Seguro la vieja se mojo las patas o Paulmann piensa en la…
721849440529752065	1460937292593	1	7	RT @ahoranoticiasAN: [MINUTO A MINUTO] Toda la cobertura de los estragos de la lluvia en la zona centro-sur ������ https://t.co/j7wREzQtXh https…
721849442006077442	1460937292945	1	7	RT @juanitoonfire: #temporalCNN @aguas_andinas compensar X los dias que estuvimos sin agua,que van 3 o 4 dias $7000 x 4=28000 RT GENTE http…
721849479746494465	1460937301943	1	7	RT @AnimalParaiso: ¡Buenas noticias! Bomberos de #Stgo (@cbsantiago) rescató al perrito que estaba en el río Mapocho. #lluviasantiago https…
721849480497229824	1460937302122	2	7	RT @alb0black: Para el temporal de 1982, la cagá quedó en todo Santiago, lo único democrático que recuerdo del innombrable y su gobierno cs…
721849490286768128	1460937304456	2	7	RT @CocoTwitero8: Lluvia en regiones #lluviasantiago ������������ https://t.co/yoEQ5azVoH
721849505549848576	1460937308095	1	7	RT @canal_chile: Este lunes comienza la reposición del agua en la Región Metropolitana https://t.co/17Yk07Vsqi
721849512147492864	1460937309668	2	7	RT @IngridCid2: Despierta Chile!!!! Encontraron a presidente Bachelet!! Va arrancando en el arca x río Mapocho...salvo a 2 animales https:/…
721849529323167744	1460937313763	2	7	La lluvia de la madrugada del sabado me hacia re maaal!!!!!
721849567466102785	1460937322857	1	7	RT @jdcloespejo: Importante información, si su lugar de trabajo está sin agua no debe funcionar y tampoco le deben descontar el... https://…
721849587372322817	1460937327603	2	7	RT @DerechaTuitera: EXTRAAl parecer "Obra Gruesa" q @GobiernodeChile afirma haber concluido; se llevó todo el cemento y no alcanzó para e…
721849599971966977	1460937330607	1	7	RT @PJudicialChile: AHORA: Todos los tribunales de #Santiago se encuentran en buenas condiciones y tendrán funcionamiento normal mañana lun…
721849620347928577	1460937335465	3	7	Felicidades y a darle con todo Tomas.... https://t.co/GNIcFEfQI9
721849633580953601	1460937338620	2	7	RT @JulioJung_actor: ¿Con 4 Millones de personas sin agua -Aguas Andinas- seguira culpando al Rio Mapocho y no asume su imprevision?¿Moya p…
721849661254975488	1460937345218	1	7	RT @juanitoonfire: #temporalCNN @aguas_andinas compensar X los dias que estuvimos sin agua,que van 3 o 4 dias $7000 x 4=28000 RT GENTE http…
721849671107420165	1460937347567	1	7	RT @piamontealegre: @chilectra Sin energía en Avda. Beaucheff, altura del 1400, Santiago. ������
721849683652517888	1460937350558	2	7	RT @1984Chains: Y no reclama a AguasAndinas ?esa que tiene unas boletas para pagos de Conca y de Aguirre cuando ud era dueño de CHV https:…
721849685644673024	1460937351033	2	7	RT @infogatecl: @bartorell NO DEJES DE LEER Cuidados de mi mascota en días de lluvia https://t.co/s27gdMrkYw https://t.co/2yLIu2T5oR
721849696407416832	1460937353599	2	7	RT @cbsantiago: Cuartel General - Jefe Médico USAR Santiago entregando información de importancia para los miembros del grupo. https://t.co…
721849742020452352	1460937364474	1	7	RT @soychilecl: Aguas Andinas informó que mañana volverá gradualmente el agua a partir de las 06:00 https://t.co/CTkBXexMiF https://t.co/Z3…
721849742033076230	1460937364477	1	7	RT @soychilecl: Aguas Andinas informó que mañana volverá gradualmente el agua a partir de las 06:00 https://t.co/CTkBXexMiF https://t.co/Z3…
721849742037229568	1460937364478	1	7	RT @soychilecl: Aguas Andinas informó que mañana volverá gradualmente el agua a partir de las 06:00 https://t.co/CTkBXexMiF https://t.co/Z3…
721849750870482945	1460937366584	3	7	RT @PublimetroChile: Expertos aterrizan a Chile ley peruana que permite sacar 95,5% de fondos de AFP anticipado https://t.co/I620yWOLvf htt…
721849756830580739	1460937368005	1	7	RT @INFORMADORCHILE: ATENCIÓN: recién en la tarde de el lunes 18 Santiago tendrá agua  potable por llenado de 8 mil kilómetros de redes.
721849807183196161	1460937380010	1	7	RT @pinabertoglia: Atentos docentes, funcionarios y alumn@s. Listado de Universidades que suspendieron clases Lunes 18 https://t.co/G50IXlq…
721849827508797440	1460937384856	1	7	RT @paulabravoc: 4 millones de personas sin agua, aún.. Es de no creer...sin explicaciones y sin plazos de Aguas andinas..
721849829987610624	1460937385447	3	7	RT @cbsantiago: Grupo USAR Santiago retira desde el Centro de Mantención y Logística el equipamiento para su viaje a Ecuador. https://t.co/…
721849852230045696	1460937390750	3	7	RT @AdoracionDiaria: MUSICA CRISTIANA ➡ Hazme denuevo - Álbum Coro Chile Góspel  https://t.co/OmaNtxRwfG
721849853320499200	1460937391010	1	7	RT @uchile: U. de Chile suspende las clases en todas sus unidades este lunes 18 de abril.Detalle en:https://t.co/7exyvwQV43 https://t.co/…
721849854369144832	1460937391260	1	7	RT @uchileradio: Universidad de Chile suspende las clases en todas sus unidades este lunes https://t.co/lkYtMsXx8W https://t.co/DqiIXGLivM
721849868122136576	1460937394539	2	7	RT @Carla_Amtmann: Prender la TV y no saber si Claudio Orrego  es Intendente o vocero de Aguas Andinas. Que indignante #Santiago #lluviasan…
721849881690783744	1460937397774	2	7	Y ahora comienzan las noticias jajajajaja todo el día con lo mismo #lluviasantiago
721849884199018496	1460937398372	1	7	@latercera chile nomerece esta situación políticos recibieron dineros de aguas andinas ellos no hacen inversionesposos profundos emergencia
721849896450527233	1460937401293	1	7	RT @SedicionMasiva: Responsabilidad es del MOP pq es obra concesionada Sr Intendente!!  https://t.co/8riJFoIt5r
721849902284857344	1460937402684	2	7	Ssshata con la foto de "está entrando el agua a la casa"  ¿nadie les enseñó que chiste repetido sale podrido?
721849918462234624	1460937406541	2	7	RT @benfl25: - Hola Ecuador como estas? -acá hubo un terremoto. -y tu Chile como estas? -acá llovió en Santiago. Y el resto del país?L…
721849936392949762	1460937410816	2	7	RT @roplantaerd: Webiaron toda la tarde para que saliera Bachelet y cuando sale se fijan en que tiene una chaqueta The North Face. Se mere…
721849944798334976	1460937412820	3	7	@ElenaPilay1 van para alla desde Chile,,, Animo!!! https://t.co/QkoOwwebnO
721849970593239041	1460937418970	2	7	@LaEstrellaRoja nooooo, yo no puedo mearme, no tengo agua CSM!!! Se me quitó todo el bajón q tenía ������������������������
721849976268177409	1460937420323	2	7	Tanto opinologo que debiera leer esto antes de hablar  https://t.co/jSHp8acrdA
721849980298899456	1460937421284	2	7	RT @FranContrerasM: #TEMPORALCNN aunque no lo crean el dia de hoy en la.ciudad de coyhaique region de aysen patagonia chile https://t.co/56…
721850033855995904	1460937434053	2	7	@Rocordova no me quiero acostar aún, espero el milagro del agua ������������
721850037043609601	1460937434813	2	7	RT @Fiskalesadhok: Cuando @aguas_andinas corta el agua nos obliga a pagar $7.000 aprox por reposición, AHORA QUE PAGUEN ELLOS -R/T https://…
721850042949189632	1460937436221	1	7	RT @INFORMADORCHILE: ATENCIÓN: recién en la tarde de el lunes 18 Santiago tendrá agua  potable por llenado de 8 mil kilómetros de redes.
721850047529426944	1460937437313	2	7	Típico: hay una catástrofe en Chile y saltan los fachos pobres a poner fotos de pacos ayudando y gritando "VIVAN LOS CARABINEROS DE CHILE"
721850069549326336	1460937442563	3	7	... Eterno resplandor de una mente sin recuerdos (la mía) ������ @ Estación Mapocho https://t.co/b7b1LLU5kL
721850070501629952	1460937442790	1	7	RT @uchileradio: Universidad de Chile suspende las clases en todas sus unidades este lunes https://t.co/lkYtMsXx8W https://t.co/DqiIXGLivM
721850089329790976	1460937447279	1	7	RT @uchileradio: Universidad de Chile suspende las clases en todas sus unidades este lunes https://t.co/lkYtMsXx8W https://t.co/DqiIXGLivM
721850090986610688	1460937447674	1	7	RT @Marjo_Cooper: Que lamentable todo lo que está ocurriendo, 1 millón de clientes sin agua potable, perdidas totales, fuerza! ������ https://t.…
721850105297571840	1460937451086	2	7	RT @onemischile: Se necesita con suma urgencia para los damnificados de zona oriente:- Cargadores para Iphone 6- Salmon de agua dulce- L…
721850108598435840	1460937451873	3	7	RT @BomberosdeChile: ÚLTIMA HORA: SNO de Bomberos de Chile activa grupo USAR para ir en apoyo por terremoto en Ecuador. @TVN @latercera ht…
721850126571073536	1460937456158	2	7	RT @marcelamacayare: Intendente @Orrego plan preventivo comunicó.... https://t.co/mrDpRE7mnG
721850178018414593	1460937468424	2	7	RT @juanitoonfire: #temporalCNN @aguas_andinas compensar X los dias que estuvimos sin agua,que van 3 o 4 dias $7000 x 4=28000 RT GENTE http…
721850199447113730	1460937473533	2	7	RT @Pastor_Soto73: aplíquese a diluvio en Chile https://t.co/eJ6vMRPjxI
721850232124882948	1460937481324	2	7	@aguas_andinas @Orrego se que no es el momento. Pero ya esta bueno que solo los usuarios paguen...!!! https://t.co/Fm6fWLdKUR
721850239267811328	1460937483027	2	7	Ya voy a tener mi Monster Truck pa salir a la calle aunque se desborde el Mapocho
721850253201272833	1460937486349	1	7	RT @gabrielboric: Sacyr y Costanera norte deben indemnizar a quienes perdieron bienes en desborde Mapocho. Conozco gente que perdió todo en…
721850323057434624	1460937503004	1	7	Via @meteochile_dmc Alertas activas por la Direccion Meteorologica de Chile. @reddeemergencia https://t.co/lToBTFGQ9O
721850343693410304	1460937507924	2	7	RT @o_reicher: Lo de Santiago me recuerda la canción de @nanostern "la raíz, vencerá el cemento"☔️☔️������������������
721850349611532288	1460937509335	2	7	Que nunca se olvide este tuit. https://t.co/gaYmUO6GsE
721850387901333504	1460937518464	2	7	RT @AmordePapa: EL @AmordePapa ES CÁLIDO Y CÓMODO (sobre todo en noches de lluvia)-Ilustración en acuarela de pintora Snezhana Soosh https:…
721850400639475712	1460937521501	2	7	Supongo que los centros de acopio serán en Sanhattan #lluviasantiago #TemporalSantiago https://t.co/ckw87Mqzlh
721850404452102144	1460937522410	2	7	RT @hectorespinozam: Santiago con más de 5 millones de habitantes SIN AGUA. Mientras Bachelet  estuvo de fiesta en Santa Cruz todo el día.…
721850416284176384	1460937525231	2	7	RT @Berdea: El 2002 quedó la mansa zorra con la lluvia.Pero se rajó lloviendo, no como ahora.Y había agua. Y luz. Y el Mapocho, en su lug…
721850417936736256	1460937525625	2	7	La lluvia es malvada, la música del noticiario me lo dice
721850421413855233	1460937526454	2	7	RT @Mufaldinho: Típico: hay una catástrofe en Chile y saltan los fachos pobres a poner fotos de pacos ayudando y gritando "VIVAN LOS CARABI…
721850423792005120	1460937527021	2	7	Se acuerdan del #HAARP? Hay valientes que no olvidan https://t.co/OiZW6ZIKqU
721850425549398017	1460937527440	2	7	#temporalCNN Desde los años 70' Chile en gral, y Stgo en particular, ha tenido problemas de inundaciones por lluvias. No hemos avanzado nada
721850438035894273	1460937530417	3	7	Santiago te odio
721850442242764800	1460937531420	2	7	RT @randudog: ¡Mañana todo a la pega! Hediondos y sin agua igual no mas.#temporalCNN
721850470969524224	1460937538269	1	7	RT @Cooperativa: Corte de agua: Hay aproximadamente 1.076.870 clientes afectados en regiones de Valparaíso y Metropolitana https://t.co/atn…
721850525084426240	1460937551171	3	7	RT @palomavaldesk: Unicef revela que niños vulnerables de Chile son de los más pobres de la OCDE https://t.co/KYaXMGLA4z vía @uchileradio
721850533682790401	1460937553221	2	7	RT @Carla_Amtmann: Prender la TV y no saber si Claudio Orrego  es Intendente o vocero de Aguas Andinas. Que indignante #Santiago #lluviasan…
721850564510879744	1460937560571	1	7	RT @salcainob: #TemporalCNN En los 80's el mapocho se desbordó... Esta vez no y Providencia inundado... la causa trabajos en Perez Zujovic…
721850568310943744	1460937561477	1	7	RT @jdcloespejo: Importante información, si su lugar de trabajo está sin agua no debe funcionar y tampoco le deben descontar el... https://…
721850579853553664	1460937564229	1	7	Agua del Mapocho inunda Costanera Center y Paulmann asegura que son “los más sacrificados”… https://t.co/W59Btg7Nln https://t.co/xAXj5z78vt
721850586057019392	1460937565708	1	7	RT @bartorell: Las Universidades son autónomas, cada casa de estudio debe tomar la decisión si suspende sus clases o no... Difundehttps://…
721850623092748290	1460937574538	3	7	@ElDozan no soy de Santiago ������
721850637118517250	1460937577882	1	7	RT @maipu_chile: Suspensión de clases en establecimientos educacionales de #Maipú https://t.co/bGsP1TzS2A #lluviasantiago
721850648736763904	1460937580652	1	7	RT @AnimalParaiso: ¡Buenas noticias! Bomberos de #Stgo (@cbsantiago) rescató al perrito que estaba en el río Mapocho. #lluviasantiago https…
721850674070339584	1460937586692	1	7	RT @biobio: ¡REGOCIJAOS! Este lunes desde 6 am comienza reposición gradual de agua potable en Santiago https://t.co/Pvlgc8aZDh https://t.co…
721850681762705408	1460937588526	1	7	La mala noticia entregada sobre aguas del Cajón del Maipo https://t.co/iAtNNhEKu9
721850695310249984	1460937591756	1	7	RT @PJudicialChile: AHORA: Todos los tribunales de #Santiago se encuentran en buenas condiciones y tendrán funcionamiento normal mañana lun…
721850738851332096	1460937602137	3	7	RT @GuyFranco: Combo de monstruosidade no Rio.
721850764566597634	1460937608268	1	7	RT @LibCatalonia: Algunas fotos de los daños por la negligencia de trabajos autopista #lluviasantiago https://t.co/Nq3teADAuW
721850770455441408	1460937609672	1	7	RT @Claunubed: Fue @Orrego y @josefaerrazuriz quienes dieron V°B° a obras en el Mapocho y ahora se hacen los wnes?? La media perso! https:/…
721850781226377217	1460937612240	3	7	no pagues por enfermarte.. ademas de ser hediondo se ve feo y no vale la pena. En chile mueren 47 pers/dia x tabaco https://t.co/r6aMoJTzrM
721850791540056064	1460937614699	3	7	Ahora noticias sobre: #Ecuador, #Terremoto, #Costanera, #Río, #Agua, #Mapocho, #Desborde ➡ https://t.co/Yf2TIrmFHS https://t.co/d0ndf03rjp
721850797693280260	1460937616166	2	7	RT @IvanTorresbot: Se pronostica para mañana lluvia de weones pasados a toallitas húmedas.
721850864781172739	1460937632161	1	7	RT @abarros: Foto que da algunas luces de porque se salió el río Mapocho https://t.co/s4UxTDKDgV
721850914894647296	1460937644109	2	7	RT @marjoristoteles: Terremotos; incendios ; erupción de volcanes , diluvio en Santiago . Bachelet no estará jugando Jumanji ?
721850949900308480	1460937652455	3	7	RT @elcosodelvisto: Si nunca jugaste a saber que decia el otro abajo del agua, te cuento que no tuviste infancia.
721850951477407744	1460937652831	1	7	RT @Cooperativa: [Video | Foto] Bomberos rescató a perro del caudaloso río Mapocho https://t.co/rKrTmQF3td https://t.co/DW2mEMIGSJ
721850966979538944	1460937656527	2	7	RT @sebadiazgalvez: La intro de teletrece me da la sensación de que estamos en la franja de Gaza, Desastre en Santiago!!!
721850983622537216	1460937660495	1	7	RT @MichelDeLHerbe: Si mañana el agua sale turbia,filtra usando un paño limpio. Además puedes dejarla hervir por un 1 (en ebullición).
721850988714438660	1460937661709	1	7	RT @AtacamaEnMarcha: Bachelet en Santa Cruz, pasándola la raja y 4 millones de chilenos sin agua potable y cientos de inundados.  https://t…
721851013838278658	1460937667699	1	7	RT @uchile: Reiteramos: por frente climático, mañana 18/04 se suspenden las clases en la U. de Chile:https://t.co/7exyvwQV43 https://t.co/…
721851021711056896	1460937669576	2	7	RT @elwerne: hasta los tontos nos dimos cuenta q el tema hoy no es la lluvia: veamos  concesiones, responsabilidad empresarial, autoridades…
721851083602194433	1460937684332	1	7	RT @SoyCatLover: Se requieren familias voluntarias en Santiago https://t.co/YYU6f9NIJO
721851089922965504	1460937685839	2	7	Que onda (?) no juntaron agua xq a mi no me ha faltado para lavarme el ass... Han webiado todo el día con lo del olor a raja...
721851116246470656	1460937692115	1	7	RT @NoAltoMaipo: Más de 4 millones de pers. sin agua, el #Maipo se debe proteger ahora https://t.co/MCVC8Ji6d8 #PorElAguaDeStgo #ProtegeElC…
721851126409203712	1460937694538	2	7	La mitad de Santiago inundado y hay gente indignada porque la presidenta usa chaqueta The North Face. Nos merecemos todas las catástrofes.
721851134445543424	1460937696454	1	7	Presidenta Bachelet confirmó dos personas fallecidas por sistema frontal en zona centro sur de #Chile
721851154989203457	1460937701352	2	7	RT @AMAG2010: Resumen "dónde no haya agua no se puede trabajar" Presidenta Bachelet.  El punto es que ningún trabajador tiene certeza de es…
721851180012466176	1460937707318	3	7	RT @BomberosdeChile: ÚLTIMA HORA: SNO de Bomberos de Chile activa grupo USAR para ir en apoyo por terremoto en Ecuador. @TVN @latercera ht…
721851207137038336	1460937713785	3	7	21:00:17 en Aconcagua, Chile. 11°, lluvias. Sens. Térmica: 12.22°. Humedad: 95%. Viento: 6.44 km/h 90°.
721851240943104000	1460937721845	2	7	RT @lusr20: Hoy fue clarito. El agua es vida y esta en manos d otros. Por fa rt. https://t.co/MDB2cGIssM
721851280457670656	1460937731266	2	7	RT @pabloco: Malditos rusos! #CHVNoticias #lluviasantiago https://t.co/n6lNh5VNuz
721851286208016385	1460937732637	2	7	RT @EduContreras: Mientras está la cagá #lluviasantiago #Ohiggins la sra #bachelet comparte amenamente con los Cardoen en Santa Cruz ������ http…
721851302188302337	1460937736447	1	7	RT @uchileradio: Universidad de Chile suspende las clases en todas sus unidades este lunes https://t.co/lkYtMsXx8W https://t.co/DqiIXGLivM
721851312229494785	1460937738841	1	7	RT @muniecentral: AHORA: Sigue entrega de agua en diversos barrios de @muniecentral /Equipos municipales continúan en terreno https://t.co/…
721851312661467136	1460937738944	2	7	RT @Nellatronic: Claro pobre Piñera no tenía plata y por eso usaba chaquetas sin marca... #JoyasDelTemporal https://t.co/NckqME4Uoo
721851364926627840	1460937751405	3	7	AMOR DE VERDAD - A bailar tour Chile https://t.co/Qrhzk5yA5k
721851378520473601	1460937754646	2	7	el desborde del río mapuche
721851390461616128	1460937757493	2	7	Quien paga los daños a microempresarios victimas del Mapocho considerando q es producto de pega mal hecha y falta de fiscalización ?
721851431146360833	1460937767193	4	7	RT @casanovaany: @ROvalle2014 @EmiliaLR1 @guitarrerosolit @davidbonomo. @cleivas62 Son de muy baja clase, tanto es que no saben hablar. #DE…
721851494895640576	1460937782392	3	7	RT @FCMonLaferte: @monlaferte está nominada para los #PremiosPulsar2016 (Chile) en las categorías Artista Pop y Canción del año con "Tu Fal…
721855763971457024	1460938800219	1	8	RT @Muni_provi: Puntos de Agua en Anfiteatro del Parque Bustamante completamente llenos y operativos. https://t.co/GsZBCl3UQz
721862043624718336	1460940297405	2	8	que vuelva el agua plis
721862122561515521	1460940316225	2	8	RT @rodrigokalel7: La próxima vez Bachelet va a tener que aparecer con ropa de agua y botas de goma pa que no anden alegando hueás
721862309887483904	1460940360887	3	8	LO PEGÓ CON CHICLE Super Camp in Chile
721862444730171392	1460940393036	3	8	No quería twittear pero volví solo por " Super Camp In Chile " :')
721864706898702336	1460940932379	3	8	RT @gloterz: que bonito fue Super Camp In Chile https://t.co/ADgelkbEpL
721865283267391488	1460941069796	3	8	RT @tomyclau: Somos tendencia en Chile,Super Camp In Chile https://t.co/68UzM36If4
721865705180774400	1460941170388	2	8	La verdad es que usar North Face es como usar Under Armour o Adidas. Cualquiera las usa. Pero en Bachelet da para morbo #lluviasantiago
721865847938158592	1460941204424	2	8	RT @SVerdugo7: Si cree q lo de hoy fue lo peor, espere mañana el olorcito en el Metro #SeñoraBajeElAla #chileanway #lluviasantiago @marcelo…
721866629223735296	1460941390697	1	8	RT @mabrisotos: Todos preocupados de Stgo.... Acá en calle larga hubo un aluvión y hay mas de 70 casas inundadas... @AconcaguaNews Santiago…
721867567246217217	1460941614339	1	8	RT @jmtujillos: @germancodina @puentealto_pald @mpuentealto a retornado un poco de agua potable, sector población maipo.
721867635051376641	1460941630505	3	8	@Manuel5Sanchez @alnecaxaforever en Chile mi pais la Derecha es ladrona y complice de los delitos del perro de Pinochet
721868396653121537	1460941812085	2	9	leo que Maipú tiene agua porque es empresa municipal... pucha Vitacura también tiene y no es por eso lolito.
721868945976856576	1460941943054	3	9	RT @Utu_dragon: Santiago ahora desde el cerro Manquehuito, otra foto del astro fotógrafo Roberto Antezana https://t.co/nl8SUH9Fw3
721869987657486336	1460942191410	3	9	RT @hyuksjawline: Esta foto es tan linda ;--;Super Camp In Chile https://t.co/CSk3vBs3aF
721871106869694465	1460942458251	3	9	@Malvadalena_ que me dio risa, estaba tomando agua y me atore jajajaja
721872946311114752	1460942896808	2	9	RT @DonFitoo: La falta de agua les afectó el cerebro. Fijarse en la casaca The North Face que usó Bachelet weón! Merecemos las 10 plagas de…
721873534167945216	1460943036964	3	9	Vamos vamos vamos!!!! Que pasa que bajamos? Vamos ELF!!!Super Camp in Chile https://t.co/Jct0gVsICQ
721874389541785601	1460943240901	2	9	Mañana todos con Ambiental o un Pino ������ de olor en el Metro ������ .... Por favor! ������ #lluviasantiago #Chile
721875453921914880	1460943494669	1	9	RT @tv_Amaro: Santiago, promedio 62 días de lluvia al año, 261mm // Valdivia 2489 mm/Temuco 1157mm/Pto Montt 1702 mm /Perspectiva arroja ne…
721877976695074816	1460944096145	4	9	@Clau_PalominosM @EvaCoreRM @MauroMura11 @FelipeParadaM q necesita Chile??
721879359322198017	1460944425789	2	9	RT @carolafuentes: Sería lindo ver una infografía mañana que muestre de dónde viene el agua de aguas andinas y como la potabiliza
721879787262910464	1460944527818	1	9	RT @DanielGedda: Hemos recibido +850 respstas de miembros UC afectados x temporal. La mayoría no tiene luz ni aguaSigan respondiendo https…
721885457668288512	1460945879748	3	10	SUPER CAMP IN CHILE  por que queremos que vuelvan :) https://t.co/gBo0CDLC1G
721886920356335616	1460946228480	2	10	RT @Maaart1n: A los twitteros les hace más ruido que la Pdta tenga chaqueta The North Face, que el hecho de que Santiago esté inundado x cu…
721888888919310336	1460946697822	1	10	@lasultimas poca presión del agua!!
721889535274151936	1460946851925	2	10	Yo supongo que si lo veré, ya que queda el resto de semana para que hablen de lo mismo... https://t.co/FS8eEmhKEC
721891288002469888	1460947269808	2	10	RT @BienCornudas_: Vivo remando donde no hay agua
721896711120166912	1460948562780	3	10	Cuando estuve en Rio, me tocó justo la histórica protesta contra #Dilma #Impeachment y vi esto ������������ https://t.co/qCdUwBRtox
721899077303209985	1460949126922	3	11	RT @Heezzibum: ¿Como pretenden que olvidemos esto y no queramos algo igual otra vez? Super Camp In Chile. https://t.co/plSxT69HCK
721905318163300352	1460950614859	2	11	RT @indignadapiola: La media cagaíta en Ecuador x terremoto. en Chile le dan color por desborde del río Q LOS WEONES INTERVIENEN?y dicen q…
721912125384454146	1460952237827	1	11	RT @reddeemergencia: @reddeemergencia Aguas Andinas informa que reposición de agua potable comenzara a las 06:00 de la madrugada,verificar…
721918182781534208	1460953682023	3	12	RT @Michi_ag: Es verdad que quiero que se casen. ������Son perfectos juntos o conmigo. ������SUPER CAMP IN CHILE#SuperCampInChile https://t.co/JU…
721934737472937985	1460957628969	3	13	#HereIAm es TT en Chile y también en mi corazón ah ������ https://t.co/YQB6p9sR6w
721992098346582016	1460971304867	4	17	gracias por el dato #enlacalleCNN https://t.co/ALAMPuRsMV
721995467878502400	1460972108226	2	17	Nada mejor que un buen vaso de agua pura y cristalina para comenzar el día... https://t.co/NUWNWI7KgB
722011245004644352	1460975869786	1	18	RT @biobio: AHORA SANTIAGO | Onemi mantiene alerta roja para la Región Metropolitana. https://t.co/ltGMDsEJ5K
722019079742164992	1460977737733	3	18	El Salvador declara la emergencia por escasez de agua por primera vez en su historia - Noticias | iAgua https://t.co/0IoSWFK0II
722019904728219650	1460977934425	2	19	RT @roplantaerd: Webiaron toda la tarde para que saliera Bachelet y cuando sale se fijan en que tiene una chaqueta The North Face. Se mere…
722027882923630592	1460979836575	3	19	Tembló nuevamente leve , a la vez en Santiago también leve. Curioso
722029413639004161	1460980201526	3	19	RT @ALERTADESISMO: Sismo 5.7sacude cuatro regiones de Chile https://t.co/LBA5bsCqid https://t.co/VBS4ReHSbX
722044455671480321	1460983787826	3	20	@canal_CDO Gran inicio de temporada de Universitarios de Chile, canasta limpia en todas sus categorías. Foto Sub-11 https://t.co/rlI4jlrJm5
